{
  "performance": {
    "processing_times": [
      0.4125399589538574,
      0.0,
      0.0,
      0.0,
      0.24799847602844238,
      0.0010030269622802734,
      0.0,
      0.0,
      0.25299978256225586,
      0.00099945068359375,
      0.004000663757324219,
      0.001997232437133789,
      0.24300050735473633,
      0.0,
      0.0,
      0.0,
      0.24000287055969238,
      0.0039937496185302734,
      0.0,
      0.0,
      0.24663972854614258,
      0.0019752979278564453,
      0.007004261016845703,
      0.0,
      0.2409970760345459,
      0.0,
      0.0,
      0.0019943714141845703,
      0.23801732063293457,
      0.005985736846923828,
      0.0,
      0.0,
      0.24000120162963867,
      0.0,
      0.0,
      0.0,
      0.24799776077270508,
      0.0,
      0.0,
      0.0,
      0.26000070571899414,
      0.0,
      0.0,
      0.0,
      0.24198222160339355,
      0.001982450485229492,
      0.0,
      0.0,
      0.127000093460083,
      0.0
    ]
  },
  "features": {
    "face_detections": [
      false,
      false,
      false,
      false,
      false,
      false,
      false,
      false,
      false,
      false,
      false,
      false,
      false,
      false,
      false,
      false,
      false,
      false,
      false,
      false,
      false,
      false,
      false,
      false,
      false,
      false,
      false,
      false,
      false,
      false,
      false,
      false,
      false,
      false,
      false,
      false,
      false,
      false,
      false,
      false,
      false,
      false,
      false,
      false,
      false,
      false,
      false,
      false,
      false,
      false
    ],
    "pose_detections": [
      false,
      false,
      false,
      false,
      false,
      false,
      false,
      false,
      false,
      false,
      false,
      false,
      false,
      false,
      false,
      false,
      false,
      false,
      false,
      false,
      false,
      false,
      false,
      false,
      false,
      false,
      false,
      false,
      false,
      false,
      false,
      false,
      false,
      false,
      false,
      false,
      false,
      false,
      false,
      false,
      false,
      false,
      false,
      false,
      false,
      false,
      false,
      false,
      false,
      false
    ],
    "engagement_scores": [
      0.0,
      0.0,
      0.0,
      0.0,
      0.0,
      0.0,
      0.0,
      0.0,
      0.0,
      0.0,
      0.0,
      0.0,
      0.0,
      0.0,
      0.0,
      0.0,
      0.0,
      0.0,
      0.0,
      0.0,
      0.0,
      0.0,
      0.0,
      0.0,
      0.0,
      0.0,
      0.0,
      0.0,
      0.0,
      0.0,
      0.0,
      0.0,
      0.0,
      0.0,
      0.0,
      0.0,
      0.0,
      0.0,
      0.0,
      0.0,
      0.0,
      0.0,
      0.0,
      0.0,
      0.0,
      0.0,
      0.0,
      0.0,
      0.0,
      0.0
    ]
  },
  "quality": {
    "clarity": [
      316.52161458333336,
      315.48854166666666,
      322.99744791666666,
      317.3378125,
      333.2088802083333,
      333.426328125,
      328.9817708333333,
      316.7428125,
      331.320234375,
      327.22393229166664,
      335.48161458333334,
      330.08403645833334,
      333.013984375,
      330.4528125,
      313.80385416666667,
      315.59765625,
      320.373828125,
      323.47,
      324.88981770833334,
      325.92846354166664,
      323.38666666666666,
      321.6092708333333,
      324.8269270833333,
      317.4402083333333,
      322.2490104166667,
      317.56627604166664,
      315.27567708333333,
      319.7447916666667,
      324.8231510416667,
      327.186328125,
      329.48828125,
      321.82502604166666,
      309.2295052083333,
      325.885,
      321.863203125,
      330.12255208333335,
      331.06078125,
      331.50947916666667,
      329.42885416666667,
      316.40153645833334,
      319.44197916666667,
      317.26294270833336,
      325.39869791666666,
      333.908515625,
      331.5840104166667,
      331.925625,
      331.059296875,
      329.6976041666667,
      324.595625,
      328.0334375
    ],
    "brightness": [
      22.076223958333333,
      22.101796875,
      22.122291666666666,
      22.128971354166666,
      22.3015234375,
      22.378203125,
      22.244661458333333,
      21.838190104166667,
      21.551458333333333,
      21.432135416666668,
      21.587083333333332,
      21.592721354166667,
      21.610403645833333,
      21.612291666666668,
      21.7868359375,
      21.986848958333333,
      22.210026041666666,
      22.4422265625,
      22.364140625,
      22.356927083333332,
      22.294166666666666,
      22.1717578125,
      22.171484375,
      22.143138020833334,
      22.1318359375,
      22.164661458333335,
      22.17546875,
      22.165963541666667,
      22.2613671875,
      22.309348958333334,
      22.385286458333333,
      22.251315104166668,
      21.8517578125,
      21.6125390625,
      21.480911458333335,
      21.61703125,
      21.659947916666667,
      21.674466145833332,
      21.6525,
      21.789622395833334,
      21.995208333333334,
      22.225104166666668,
      22.461744791666668,
      22.4511328125,
      22.371848958333334,
      22.300234375,
      22.1690234375,
      22.157161458333334,
      22.131705729166665,
      22.098046875
    ],
    "contrast": [
      56.10852553600783,
      56.146066266372635,
      56.16771382207276,
      56.11691565972455,
      56.37029205001636,
      56.498395155124314,
      56.41559592601564,
      56.07697372023664,
      56.00917435971179,
      55.92100784460759,
      56.219470139294764,
      56.20333616877634,
      56.288772503877894,
      56.29462021882374,
      56.33981247693877,
      56.303332901348774,
      56.42621775841578,
      56.51194214445521,
      56.345383069705825,
      56.386278194984484,
      56.36773283106115,
      56.184363481085,
      56.2404287633383,
      56.1951982448485,
      56.1934709194323,
      56.2425367376639,
      56.23593752264744,
      56.22016137156229,
      56.341418372033054,
      56.38963022552975,
      56.47403641249689,
      56.40535610639517,
      56.02821732156943,
      56.02180371256724,
      55.94896135097216,
      56.251096994294464,
      56.389120459954746,
      56.40771366154005,
      56.37927458849572,
      56.344262214468934,
      56.371545329831655,
      56.47072992737757,
      56.58588347294787,
      56.52742611922688,
      56.46779441838672,
      56.39245609220914,
      56.204481687911176,
      56.25149686216668,
      56.2194485083238,
      56.1959174853355
    ]
  }
}