{
  "total_frames": 150,
  "average_processing_time": 0.19602692286173504,
  "max_processing_time": 0.47602081298828125,
  "average_keypoints": 25.813333333333333,
  "average_faces": 0.06,
  "max_keypoints": 