{
  "average_keypoints": 152.96666666666667,
  "average_faces": 0.0,
  "average_processing_time": 0.05175422191619873,
  "total_frames": 100
}