{
  "average_keypoints": 16.633333333333333,
  "average_faces": 0.0,
  "average_processing_time": 0.025372209548950194,
  "total_frames": 150
}