{
  "average_keypoints": 150.06666666666666,
  "average_faces": 0.0,
  "average_processing_time": 0.05017446756362915,
  "total_frames": 100
}