{
  "average_keypoints": 151.03333333333333,
  "average_faces": 0.0,
  "average_processing_time": 0.05022253513336181,
  "total_frames": 100
}