{
  "average_keypoints": 143.56666666666666,
  "average_faces": 0.0,
  "average_processing_time": 0.05113250732421875,
  "total_frames": 100
}